{
  "job_id": "bc5b54e3-8981-4687-babf-810f1e781fda",
  "filename": "test_models.zip (2 files)",
  "file_extension": ".pkl",
  "sha256": "c12d88ef8659ef9cfb4bf3d460ac1678c306f7569a66498a71a3f9e60234493d",
  "file_size": 60,
  "started_at": "2025-12-26 06:01:17.159675",
  "finished_at": null,
  "status": "running",
  "pass_fail": null,
  "fail_reason": null,
  "tools_run": [],
  "tool_versions": {},
  "total_findings": 0,
  "findings_by_severity": {},
  "findings_by_tool": {},
  "top_findings": [],
  "options": {
    "enable_picklescan": true,
    "strict_policy": true,
    "output_format": "json",
    "run_aisbom_on_fail": true
  }
}